logged,event,date,f1,f2,p1,q1,outcome
2026-07-09,UFC 329: McGregor vs. Holloway 2,2026-07-11,Conor McGregor,Max Holloway,0.4502,0.3385,void
2026-07-09,UFC 329: McGregor vs. Holloway 2,2026-07-11,Benoit Saint Denis,Paddy Pimblett,0.657,0.5752,void
2026-07-09,UFC 329: McGregor vs. Holloway 2,2026-07-11,Cory Sandhagen,Mario Bautista,0.5498,0.5564,void
2026-07-09,UFC 329: McGregor vs. Holloway 2,2026-07-11,Robert Whittaker,Nikita Krylov,0.4551,0.5441,void
2026-07-09,UFC 329: McGregor vs. Holloway 2,2026-07-11,Cody Garbrandt,Adrian Yanez,0.505,0.2241,void
2026-07-09,UFC 329: McGregor vs. Holloway 2,2026-07-11,Cody Durden,Alessandro Costa,0.6059,0.3179,void
2026-07-19,UFC Fight Night: Ankalaev vs. Guskov,2026-07-25,Magomed Ankalaev,Bogdan Guskov,0.5349,0.8076,f1
2026-07-19,UFC Fight Night: Ankalaev vs. Guskov,2026-07-25,Valter Walker,Thomas Petersen,0.515,0.6548,f1
2026-07-19,UFC Fight Night: Ankalaev vs. Guskov,2026-07-25,Santiago Ponzinibbio,Sam Patterson,0.5125,0.2322,f2
