date,location,R_fighter,B_fighter,weight_class,title_bout,section
2026-10-03,,Natalia Silva,Cong Wang,Women's Flyweight,False,main
2026-10-03,,Payton Talbott,Deiveson Figueiredo,Bantamweight,False,main
2026-10-03,,Roman Kopylov,Ateba Gautier,Middleweight,False,main
2026-10-03,,Bobby Green,Esteban Ribovics,Lightweight,False,main
2026-10-03,,Khaos Williams,Roberto Soldić,Welterweight,False,main
2026-10-03,,Michael Parkin,Johnny Walker,Light Heavyweight,False,main
2026-10-03,,Alden Coria,Imanol Rodriguez,Flyweight,False,main
2026-10-03,,Damian Pinas,Andrey Pulyaev,Middleweight,False,main
2026-10-03,,Court McGee,Eric Nolan,Welterweight,False,main
2026-10-03,,Ismail Naurdiev,Marvin Vettori,Middleweight,False,main
2026-10-03,,Rafael Dos Anjos,Alexander Hernandez,Welterweight,False,main
2026-10-03,,Marcus McGhee,Benardo Sopaj,Bantamweight,False,main
2026-10-03,,Anthony Wint,Lucas Armand,,False,main
